X,y
0.5423119902764595,4.216289485858965
0.5416755218568112,2.874346815817729
-2.3445609369360842,11.68797088864696
1.2205623198615887,0.5120720783286306
2.0115800770264562,-3.117803011080904
2.343475273880642,-4.208256748209168
0.659962472347214,1.385150030058182
0.7800880730696697,1.3262178028363623
0.2977973250798094,4.658175282643963
-0.22343025847135545,5.342640852728212
-1.1260811166041607,7.759679954758672
-1.6523895681305232,10.132603044081417
-1.5402987689597687,9.781300551343884
-1.0530072528606107,7.7278373735105035
-1.444898056220181,8.975974919144809
0.15341459941203578,4.115373934324301
1.8263091583343671,-2.8063373442349477
2.446009507881479,-4.8189735787992465
0.6015023327972074,2.4364964595080667
1.0073843415229486,2.3393972496369577
2.020588148303742,-1.936887980798825
0.2998368414189303,2.84818051429995
0.26115218366456056,2.994898077224716
1.5564384475240156,-1.5169036307538915
0.08007951575381035,3.313356939765157
-1.0116330241244635,7.941808451960912
0.6655073863538002,-0.23962074323322335
-0.6448361137797783,6.46001652969424
-1.194050055880527,7.399323678886832
0.06921217484574668,4.111530860813487
0.08611930111969027,4.769441979142317
1.9174990093477546,-4.147331501036284
-0.8691677789752407,5.93785445867596
-2.3616578885395767,11.823679996291173
0.2823317631615739,4.8078264223729335
1.0307347567282443,1.732536949124234
0.21504964512454436,4.177925819010721
0.23985084387131786,2.7498513341418236
0.9447684451531285,0.8888401302967561
1.2093371813072566,0.6915771221352096
-0.7120806700435578,5.209824385492462
-0.30239391805097493,4.570678635723122
0.6468333130133563,2.8898811850885266
1.9487604571857733,-0.025870182479647674
0.8808344905913367,0.6458756149478114
1.0297742804583383,0.6129196827403842
0.48601043892313583,2.1570662354639505
0.6601846610027822,2.2628896719168337
-0.39190829998941085,4.90901879337954
-0.8706636043485197,6.84929695801757
-1.2563437205066108,7.184375665379447
0.8307381797726054,1.0564042158262883
1.0039006898873295,-0.42173314176015864
0.8402954986560904,2.6393522636911486
0.06534737249516466,3.998811682349304
0.8076117410714494,1.7651350319077712
-0.5303765213824181,7.129943566245883
0.8652520084323043,-0.05042038227625523
0.7719638029841317,0.8182121418037533
0.30141290771969664,1.6803190908712569
1.1691412411150959,-0.9610837532612972
0.7052928949087206,1.3244982693863336
0.04184272724699209,4.372882133656925
1.2886595711501065,-0.944118234728476
-0.2779930516168652,5.1201387122025235
0.6260557152668401,2.6108305785460932
1.1592697215841519,-0.12587496427372097
-0.17389748585194206,4.505936341429894
-2.120796398720636,11.964885800530547
0.31681895234710505,1.8728839186967334
0.5763936055072358,0.7460860390276547
0.6016677979858889,3.5431408025191122
-0.5717334495996621,5.99335364001382
-0.8765120488761714,5.299239628534248
-0.6668675786796272,7.026336025028892
-1.0395699385786537,7.892137500822518
0.9659107623562024,-0.5918791831265373
-0.3407384930622273,5.431515522325361
-0.4588552002198287,6.514272118133369
1.177774786149683,0.07009592447730528
1.1030642153110972,1.9675605404468415
-0.6472849480666988,7.324902839383171
-0.3907612975130006,4.122785442339475
0.14263761221550175,2.8679925004193287
1.9763157631636052,-0.572800880691718
-0.8780127874529636,7.308048784364243
0.09433798680625217,1.3162354201444182
-0.3479019685757259,4.983125612642498
2.2668557049274862,-4.026394811610791
1.8457722239859977,-2.010609538383153
-0.4768313121525914,6.1921673621831355
-0.7371355600448438,5.942180995970137
-0.48743788111183484,5.221462435156795
2.4878833892234766,-4.456976752349926
-1.2083085212417688,8.94250277439868
0.702129167800669,1.9948811983127142
-1.4570692056600532,8.414413491573319
0.9539262649464025,0.2551262174616331
2.1982583325461116,-2.839351763296056
0.11254625239156069,3.1055739582711253
0.4009740169611298,5.036575848610931
-1.5815175156363195,8.46278723619816
0.7080096866571899,0.9569271848615784
-0.1648950289349936,4.456906178292845
-1.3770709028765362,9.744494362444152
0.3051484544062151,4.657097333894077
1.575873697726707,0.3992178922835403
-0.012298481477993058,3.419602429417058
-0.2336996057049918,6.083942919848394
0.9904005939100449,1.6198430094481018
-1.3020179273477963,9.484958143308793
-1.8649660741944347,10.177375764316565
-0.9339579590225533,7.679642060094882
-1.4877058589073298,9.66245088322698
0.5864335966688226,4.985695884470676
0.37120425818425445,2.9545953493071933
1.0757317257751033,-0.6591116819429685
0.8490389428672561,2.4737584132941173
-1.0662551516385481,7.561011709269703
0.8231877392486512,0.7482292145095346
-0.04806147355662982,3.9605642248832185
-0.6250203098563658,5.697411887343456
1.3919970172518756,-3.2048258701956267
0.2235967480498654,3.650452265694614
0.00740455732838383,2.1160143882444515
0.16600838479359556,5.378136252571336
1.1593391173100607,-0.33317855475917757
-0.01913988277542317,2.943154837450666
-1.3941617555309667,9.789555671581534
0.40714084226270764,2.362974731330924
-0.29291229645891614,5.537572938197271
2.15855996068409,-4.884306614805388
0.4824699176666842,2.185956999737441
-1.228746473902223,6.953179132759247
-1.689218502445647,10.195469777885542
-1.3098164795328904,6.781304179742234
0.8600944655283596,1.5229672725097458
0.3079235394064708,2.5080461561745784
-1.8783277371049787,11.164487567400972
-0.9215111019795025,7.543716692068969
-1.818075864884551,10.002573079135374
-0.9087797402884115,7.366587708390721
-0.6198629716635325,5.680956229057657
-0.32607079493246754,5.0169868735528595
-0.9106871711738375,8.548770081014226
-0.7559056005450552,8.506683296346553
-0.8571089049454312,8.06950393517105
0.4277719294286945,1.343294098241514
-0.6832658728529147,6.669959885721836
0.9194433615522749,0.46931639963109273
0.9444003498351643,-0.5609993726354874
2.16350470450227,-4.032704024727937
0.8018790407063132,2.871816536341633
0.7903745554203376,0.9069243307050538
1.5140553787856912,-1.4153391431510511
0.5615406385152271,0.8170484290194646
-0.057882192254592645,5.657449014760397
0.10147424885853604,4.054636303440124
-0.6156853675233319,5.561758592112802
0.7304890450829301,1.492675093737402
0.11668068853268544,2.545507722115752
-0.6139259567530801,7.424639103081722
-1.0815762674188736,8.020259109510771
1.7540284100911134,-2.035679067177283
-1.433780769806081,10.502319934115283
-0.013115504161341206,4.315779136782697
-0.9075050639593827,5.712095304467455
-0.7492423314171736,5.765382438787125
-1.6319026960503096,11.258932730145656
0.07356693664020553,4.08701845778954
-1.5086656691864435,8.860473529508248
0.7430148357360017,0.8125378299336883
-0.8591448561513967,7.841715478321633
0.28130339653187036,1.6304308537366778
0.4621398956453992,1.2814299198111159
0.4382594039702302,1.841097556573048
0.31320845356740684,3.1892932867115857
-0.7877554110798107,7.198040203400176
1.4124268022174036,1.163422627855433
1.5011971414081564,-0.08713124484634638
0.667308889621584,0.6377346011209863
1.2132660946226443,-0.13369951994678603
-0.04509621557565679,5.037300822888181
0.9082726976146116,1.7422810564064464
-0.613406551925725,6.245382676500394
0.047612518892474164,3.044229366380404
1.0591025217188088,-0.9015451667661947
-0.4933914549548323,3.399840491016056
0.10226803565001043,2.9402353225075903
-1.38967328059539,8.463626758627466
1.1392356312611136,0.664265005397429
-0.6877108556270851,6.9349183721988155
-1.523451906841052,9.073302675234615
0.4900155926742387,4.380649392057514
2.266114267922315,-3.7592387316406013
-0.6351513421269069,8.798080298356515
0.23036277619730108,2.937327002625164
1.6151485101119556,-1.5461317697802117
-0.6841529721105234,6.017102895668906
-0.3710572263109069,5.552201466871798
-1.4283187142974507,9.203434068578758
-0.8007223836508813,5.9889915467121515
-0.4610146857088232,6.760903604682921
0.03408368642737581,3.211413103352756
1.466979333489716,-2.110090743862857
-1.645741035938693,9.85318962632599
0.21532423715325547,4.467610846442334
-0.9243792434771647,8.558368077694725
-0.725090894342322,7.287583257868295
-0.8840043934556924,8.314079645313921
-1.2363654751756716,7.913157463895188
1.1154639270712936,1.8107066905068339
0.37581630542577377,4.138245325755623
-1.2495381502874152,7.571315604575802
0.20108022108513512,3.7380933764875692
1.299090952433481,0.3464445877799309
-0.5814660654675023,7.69882486309782
-0.17214590922841805,6.431638552187956
-1.1159568989297712,10.5705120320549
-0.9609398269634613,7.096658437592809
0.6035057158573786,2.0080702278354035
1.2790623054458703,-0.35042817982808755
0.4590275138635154,3.5171624898616343
-0.42666078894577947,5.343365690764051
-0.31406255202018313,6.8505249666095835
-0.05452546631458282,4.061249083913157
1.0434726425236343,0.28772936182431164
1.0115283170391574,2.3185082397176
-1.5011823136024707,7.925535071329004
-0.8774436640442782,7.828169068628936
-0.34796642507146436,5.611522247804468
-0.42235728722934907,4.81321838114563
-1.1523491012754592,7.912179241096827
-0.23449911184753325,6.720574335813126
-0.12850561364100302,4.201742882275277
-0.34955508600474194,5.321533286940629
0.3626301068256961,4.790374623084932
0.7254506826467065,1.1519708019683157
1.6269661169020757,-1.850491307211532
0.3044882322055638,4.27945157322122
1.337459979077571,0.23818406943393167
-0.1484220327877981,5.361566854146607
-0.8530819618077097,5.665441190636268
-0.2942268724400255,7.299495404617051
2.2200122699568174,-2.57341268677321
-0.7862990413923615,6.528050838208923
-1.4327156783606865,10.55348123566275
1.5017900368198116,0.3001491826746978
0.16416951538585245,2.658774562903594
1.2761176953368405,-0.6427253161354991
0.0428687964724145,2.1182336787547635
1.9856794799279247,-2.183072135052385
1.0666994887746903,2.1554933395113673
0.7993583531288635,2.0714227479860314
0.4570008197225792,1.5281215347180443
0.21500804350332864,3.2774042679589
-0.2503480271539297,5.288792099211758
-1.020463225386904,9.345383007370398
-1.5327430377349915,10.011797436870285
-0.9497654855620846,7.486562918290974
0.6608844514419655,3.218932440833111
-0.2834193580122671,6.563091235616932
0.37633866303808766,3.9344644355932576
-1.9250418708228585,10.75044421513591
-2.0550283311794195,11.583234934621299
-1.4745979603681707,9.467620458600123
-2.1383723248641355,11.781284997298151
-1.1051477228480615,9.105735849559434
-0.17885800177691819,4.498900465503012
0.028425392730411482,1.3118194026183412
-1.1445079537206795,6.8473976915533505
0.7753367823332329,1.2149568186313977
0.7827531020070949,0.824749793073296
0.2336166732194667,3.9591598257198344
-1.1537006611927483,7.804177219030687
0.6192247159648097,2.304650188812851
-0.18794628102633268,4.865316595105529
-1.651359966739363,12.168660711500035
-0.34326739006943596,6.045563411319889
0.6292280225875972,4.036895336798466
-0.3899036905035011,5.3499821287549665
0.014642564924223996,4.768270239199416
0.21566945069559026,4.835403384345626
-0.0449197152956337,4.196907102038647
-0.08773396084435892,5.54902313911049
-1.2476503665619403,7.583571476017232
1.0325454723993757,2.2488820878525955
0.8032673579108802,1.3907451495888825
-0.4753313599304268,3.2806955228335206
0.035052470467669364,4.5170813555630716
-0.0203077210874278,5.300845453243183
0.2586461701444274,3.2373578792570017
-0.05588936559776034,3.9887142908510373
-0.31114401240777695,5.3042722906406485
0.11660408083784363,3.0267731371745983
-0.5848135870343253,6.880388074479623
1.2349040756154321,-1.0550986332647885
0.647595195986928,1.2223156078471042
0.6985241784667459,2.1092196780842105
0.43673740157811725,2.7444803660892223
-0.04163185352399112,4.935249467239064
-0.3808221211822887,5.255062473668848
-0.7081838028922843,7.451355823803305
1.4030356856982957,1.0839709256673913
-0.030629049560179686,5.399835450635652
-0.42551936508648447,6.255376966224187
-1.4400735997576397,8.469880289504486
0.044619643732416024,4.352205955314104
0.7095084479945964,1.0204763115424815
0.04134672734827674,5.3726841425544585
0.1200815913128925,4.1642479447673635
0.030186020457744548,3.6136544868249203
1.5113325252870218,-0.3827994491612088
0.3296093860969353,3.2038872387292905
-1.0707558123144818,8.008017594289662
-1.1677107486336096,8.827923561444907
-1.4023496976499756,9.101462027988413
0.4247948589536997,1.233607612350911
-0.6816120914776175,6.305285476041786
1.1034592385107174,0.10013355561777582
-0.5721510745795736,6.494644140322321
-0.7180639851657736,8.761605858492238
1.0045070876473465,-0.22192625638538943
2.511509586139492,-2.596109142532317
0.7044950679592034,2.39948992926879
-0.6068940713318021,7.8566681765931055
-0.004508431507588624,5.425764752862734
0.5511692061173944,2.9831347063588947
-0.9681265295685316,9.110059285786182
1.3133614128949618,-0.8295999434310946
-0.05684795947577293,3.648724288257686
0.7146063597757775,3.3573034975598386
1.2611968034990264,1.1242551424009435
0.11480825541731908,3.7619180185591383
0.5629642675910901,1.967293965257019
2.182218668876323,-4.688331887293887
-0.07789251269313723,5.727960413028029
-0.2424586968560493,4.935341744565158
0.5887988589736645,1.3243521002507748
-0.2537931554701117,3.3379396703514903
0.8890695139886072,-0.19007201221486336
-0.9813532173808519,6.730498945293025
0.1506589661291554,3.111099572764551
-0.11048380375018334,4.29054428225956
1.675332252340057,-1.2940999699253681
0.3279850975949208,2.5082440379202198
0.760291750197498,1.2055161428734489
0.7333483132219162,3.223711430140388
-0.6094977305581323,6.326821511288978
-0.47318310216384357,5.658928486517677
0.22676052654484716,1.4146993595843576
0.25265227535050333,2.8799551659787754
0.2121588400321602,4.410965514956874
-0.11756305097676954,4.553408593538808
0.5042269383284538,2.1704177993679217
2.0106484627308854,-1.6474266821485795
-0.613029737585987,6.605483344687197
1.4811419133476167,1.0464632101550488
-1.8799889004261519,10.41532454540779
-0.3181315493980357,4.0650192831532435
0.7275666199155598,1.2651221210896737
0.9853260837756492,1.7001995186612606
-0.5553981755542406,6.917783944907702
2.008846902492614,-1.858655291717016
1.485422980605234,-0.6647907039034769
-2.2018969872802843,12.533339293148378
-0.7014429524884077,6.123421279918121
0.34933992447551565,4.187935686493682
-1.5499460874198498,9.286687819966723
-0.293432071127254,4.396323764349911
-0.02428408657554184,4.155148057555322
-1.9862199059711148,9.53644624050234
1.6631952581683724,-1.4282356515185608
-0.4589305983850042,5.833028847142756
-1.764397700913536,9.03086741044894
-0.5117035843392873,6.1269069705381725
-0.2155157704004336,5.464480916648924
-0.06474742252831231,5.282279198335193
-0.8604387800821163,7.226578161399124
0.11964232168587816,3.551534736484735
0.46026426389413994,3.430913056185063
-0.3865598631782967,4.5050913322527535
-1.160779025973294,8.02162726816697
-0.59090018025672,7.49795105277128
-1.5481665485582194,10.007949571260784
0.2456334754075532,2.4643352381823336
0.07343679186097911,4.062583949321315
-0.3835303133951889,6.680872079040802
-0.0314915585176386,3.840906338837336
1.8149446696699751,-0.7041615075094905
1.3197156787426805,-1.0116390015024064
-0.07537746078499434,5.304804243020361
-0.06127217305334459,4.535192938952312
-0.274258402314778,5.530330808691853
-0.43855574819384024,5.502973118269503
-2.7666414515254076,12.927887870329869
2.481113384387942,-4.068787330561896
-0.7282149363087516,6.8098167756804395
-0.7969515647372734,7.159532030248056
1.1794959460326806,0.2594717294706767
-1.1886214210989607,8.250867098484283
-1.2249925304346203,7.759883931676553
-1.2703099992948366,9.952626248161192
0.05308359230880596,2.439111416498921
1.0812902454275564,0.010855058672629592
-1.3149473213437821,8.013417940131516
-0.012521007161577679,5.635230604636364
0.443613259470539,2.618405409830872
-0.38384679625647994,5.273264305323008
-1.2550018229993976,9.686198821731638
0.08580924069995419,4.413597972873616
-0.518283739432608,6.169688259193455
1.7349245648680363,-0.8155310507516758
-0.17750051348644072,4.237543225644996
0.06834299453952156,3.4787001047971824
0.09354259535802782,4.623717089163722
-0.1169686673587972,4.624596295054052
-0.33179160903386595,4.723506709641559
-0.2767815124148569,6.541023182944705
-0.6000224393884473,6.976253452411633
0.4634981994486718,2.138755613382189
-0.05137770780451293,3.666566946306168
-0.5445589747518109,6.6553246334916
0.30477063894289064,2.509692277597688
-0.33532927128714574,4.324971770705568
-1.0036841699838734,8.43503115296097
1.0493160283228673,0.438111746604696
-1.942437541749194,10.714473059922256
0.4421829114476672,2.503259132932021
0.1886545543176425,3.719689887819376
-0.40826244905076214,6.259251919220509
-1.6548521606618316,9.509554363162566
1.3424298286770295,-1.4777903383082969
1.07553834190308,0.7913894391608427
0.3163153398176003,2.841349016463499
-0.9938408208561629,6.576898430792383
-1.3673369993511562,9.552127196926484
-0.8775460274084627,6.875872439070339
-0.6216625168286801,8.32412794047169
0.029527480552290285,5.124434247143956
-0.5995271066979669,9.020208905846866
-1.1554532971365379,6.912159116078259
-0.06633168810194398,5.389750704617056
-1.0751400200338055,7.774209068203484
0.3174967049788496,3.5826007599982246
1.305483710174674,0.9673435042577878
-0.7672663076600097,7.231256163143847
1.8711759387501943,-3.5520709608059584
0.16621221493507882,3.172802223568482
0.7718020051269953,2.4240916316123347
2.359284581429448,-3.4728214014047847
0.6113125737360865,2.3139073077602874
-1.307451469798674,8.87018662078321
-0.9240415928671167,4.827738989791489
-1.6661079013081472,10.658169101697512
0.9135077391670169,1.9014537364457569
0.08091484943360072,3.0236157437299696
0.21922247249840926,3.2493762952526413
-2.5031368648997736,13.713983020802157
-0.2633747881905637,7.254000472680017
0.12653111207848872,4.815175354703152
1.8053870222478277,-1.0448287486879622
0.44405608136721497,1.2548282276944778
-1.1475796234487887,7.786587639741631
-1.036722089942677,7.048436494851244
-0.20984332667094635,5.279648363335999
0.4792909981019119,2.8860121017463722
0.5277134804822788,2.4212811056123
-0.43729018882290727,5.554441096734483
-0.49635086290767755,5.3364769804219
0.5333170310296333,1.8329153907017088
-0.39807454308530005,6.86296447548955
1.272973949973938,0.9787225635985128
-0.009183229270724073,5.036436332736541
0.8284200105313937,-0.006701308848157783
-0.7542954088336271,7.3617050712464
0.1286255729360008,3.6504501566648004
-1.1174387179070824,7.9010471821468204
0.0993974908842937,3.9617628216970338
-0.6305024997390374,6.436168195808135
-1.8644102178119095,11.061632866476502
1.0890797853208567,1.3396263379401343
-1.4090184805416819,9.091723849861586
1.9250660185641337,-1.3419415300251427
1.0523125561665811,0.9960270473581926
-0.43621625774228867,5.7233175168165955
-0.2873047642529004,3.8793841267818037
0.16568007619740974,4.607441107583074
0.025079859524267497,4.922916928165063
-1.718261822468637,9.832702596765333
0.49100430873435974,3.0964157129031498
-1.7617187718670662,10.104425642908597
0.2919629917914457,2.458940395652805
1.2537911218823465,0.34491477738102533
0.10206172667819459,2.3694280876461127
-0.4956726993734189,5.58433475527802
-0.3243166259046117,6.62082943183561
-1.5254392641259193,11.775423749407523
-0.4504930647523806,5.588675310471998
0.821782296024714,0.6462502544454356
0.3140614775810038,2.9205644582721666
-1.0323326323080102,7.832946173774517
-0.1428282016335168,6.219259671730074
0.13731686122271744,5.284162015009777
0.8484091322363841,1.4709624235143337
-0.9925125542372973,6.776404732721794
-1.141942071496238,9.856445491226088
-0.05476762807664418,4.504893373326127
0.36811116768282354,2.622427847770992
0.9852946623411769,1.5997288036893391
0.06314313259360729,3.090458951232958
0.9118628678986503,1.429510525425397
-0.24636402257929635,6.420340293265318
1.6766957612477167,-1.9505996953236662
0.36097351035622777,3.287074527974097
-0.7809479048712475,7.907286066469068
-0.8092374570910986,7.1291013396079
-2.637189674858063,14.591850664114014
-0.550196237599873,5.54039218023539
0.18838749375787608,3.1826422347296086
1.4809849111653874,-1.1451789642335197
-1.29665335060465,7.332150910419233
-1.6080296586849392,10.751051800430563
-0.11001324587026831,4.600052590471962
0.6522587036998437,2.354208819894874
1.4738080515868293,-0.6977988048663486
0.8620150960920737,2.184292069955718
0.8170394502708853,1.674160360120817
0.3385084317050494,3.224489670890253
-0.0982975439278121,6.00125578160706
-0.2432492438843388,2.483870873940837
1.1588077995084836,-0.035093016859925275
0.39482659603892156,2.808596730329154
0.3521252703455693,3.1054078127639375
0.18579024404745265,4.526136507163038
-0.3321135112935992,4.470818041910275
1.6778989246472067,-1.7671309878995016
-1.0105372762143066,8.635236884912688
-0.38079466080163804,4.9392674631529685
-1.260591219816113,8.084264300686025
-0.324851426165951,5.024896519763798
-1.1516484202327077,8.674951357517592
-2.0350209858586696,9.746012440157497
0.6546805705012005,1.4949839347888025
-0.7638479698199843,6.001001463366001
-1.086865674457406,7.678015700118614
-0.5748910758444302,7.905992121384744
-1.5785900542411084,9.125931098016393
1.9566006731296697,-3.566350293048443
0.7990418394636062,0.08798282494732645
0.9340514032464042,-1.8571503924868429
-0.0325991011669635,4.098299875288566
-0.0979865258322499,4.473734013761764
-1.1176768570501066,8.693620780595662
-1.0292201557814264,7.5951566560543835
0.7730254708635722,2.635646636973246
0.01086032216016064,5.535280539134624
-1.0357936204636455,8.118738720520838
0.8265505342325772,1.6964198675942566
0.8739963909752777,1.077410962793814
0.8733744674870717,0.4992868252324789
-0.3755004411045206,5.601984972903362
-1.539115426317662,9.022412984158786
0.7163358097847967,2.083754958429302
-2.184563246308954,10.882099348572831
0.5157840889184188,0.48711880464024926
0.20866071631751917,4.212474925139802
0.2946578353987613,2.305555022186383
0.045396449385442995,3.437534433484141
0.5003741593267323,4.573768992952585
0.40023333138675055,2.645055098486077
1.0463987284122216,1.2243409497006965
0.4532703102798084,3.8779818134441677
-0.6982076878473329,7.863368725912937
1.1929969543864396,2.479414863252927
-1.1663757753913988,7.977903383683952
-0.45399701005795595,5.629557284522182
-1.4052236542321839,8.450578498233433
-0.5479132007329012,4.974432133216017
0.2839953722999734,5.009230242617994
-0.293988456594764,5.150097402697778
0.2422459633788535,5.122576291648273
-1.67062621369246,9.390848944150658
-0.765451228099531,7.042808314119681
0.363860239154542,3.163744499161069
0.17665675515745438,3.489982258578281
1.2825134520686488,0.7769474261361758
0.8966334899907633,0.6079799468834977
-0.6624444275641213,5.890761224749241
2.1100165459333113,-3.25586383199138
-1.6169920685617882,9.301412540744153
0.30559013330094115,2.567576412229176
1.59285320393723,-2.3576400071416588
0.5005817283625861,2.6687884740492263
0.2485146467207197,4.053236055155034
-0.18492503968293736,6.498821213943279
-1.2791321928167427,8.49837231237948
-0.3285870331603846,5.482418389785901
0.49433301682423,1.7741298178633915
-0.36631251945693144,5.750870724109475
-0.2552338197567767,4.095027998407911
0.2994885587302416,2.3797280077903995
-1.436130621569511,7.534086001939607
0.6406461198329404,2.380527184423195
0.019500478665472772,6.488827631711759
0.6476133508915666,3.4555100869413176
-0.7306942438990018,5.257518969994651
1.7889218356704655,-0.0018948877089384197
0.4868962239954669,4.31511645924528
0.5850195993595114,1.4210373009487718
-0.029107342457612664,2.5010873873576873
-0.9659219676857247,7.755604864586564
0.3251750173046293,2.2310630901336204
1.0579435524591356,-0.5277029834974438
0.7943971861523544,0.6745478641038797
1.3352175668141417,-1.1816510127497
-0.43685661334400566,4.768324595066891
-0.5328904518085119,5.86199255328109
-1.401317695268086,8.817798273345652
0.631671413892275,1.114364475857248
0.4826811558447785,2.3638310231921373
1.8305556285972906,-2.024228134540242
-0.644964000980432,5.9309883553477425
-0.7728423658255897,6.729296177718676
-0.5269582346125857,4.9324597405857835
1.4931841997894053,-0.31795807014863686
-0.31362066095756574,5.0574739680237535
-2.3259523733755625,12.82433025383105
0.6160860727875315,3.0383204975622453
0.6225822122794974,2.1550847204455708
0.26286037046329486,3.032872022964025
0.3750768756332046,2.073917210231814
0.1981833279306165,2.200151600444636
1.1118048359203012,0.4225035080553742
-0.1618190695561371,4.49994428141955
-0.7296506127398545,6.810982349067086
0.16613292815621286,4.8627719629640405
-2.1599048189955243,11.13286488871976
-0.6789236732294557,6.332425508112842
-0.0957915224715631,4.372229893784259
1.3207612602697587,1.3513762398137203
0.23931753437953307,2.9885859655434257
-0.7352551814934752,5.58577361253222
-0.6017368226924631,6.629568454779564
0.36584235303470364,3.875020198817657
0.7573348655852781,1.495910852338425
-0.919642594380916,8.672836033121596
-1.3628358257370803,9.801164054213114
-0.9906831386853373,7.25774283642839
0.6379881251210544,3.1303309347958397
-0.9280533026197998,8.581124718373298
-1.3991444648462001,10.040449615944858
3.5768214552681656,-7.281247665819521
1.5748164175959536,-1.9472613706231714
-0.19579011615295014,4.384829051627733
-0.10480398905687606,3.650165983917791
-1.5102926301936326,9.257020475991935
1.103886534379317,0.02036744533054785
-0.6454546668222687,6.855968699451063
0.2491971021774611,2.43220932295553
0.00863608938232162,4.704128138676385
-1.860576383166013,10.541006355478496
-0.1905314968117719,1.1483457910639108
1.3993133682566379,-2.234923151355138
0.7753420573430648,0.5511996366410195
0.39570327539702893,0.39611353574712593
-3.0271395786362603,14.679512295879343
0.47262677354634414,3.641997316524498
-0.6683542098120652,5.516624125627662
0.041613042700057994,4.153337934552028
-0.5531113451027182,5.459269422539684
-1.9552992369889461,10.58745759034732
-0.5902961943584976,6.921540272294368
1.6427120854794643,-0.44675844121137465
0.9293749479884128,0.37142415096325343
0.6498044167408441,3.2716877200428813
2.174623595611207,-3.852475495918351
1.932540757818603,-1.4796040427301393
0.7071932183852168,0.21238457785724396
-1.0082378205382723,9.247731208149034
-0.6969923892032034,7.306518295069422
0.18373918833930034,2.3744073452264542
-1.0123899838983692,8.733994111625595
0.3931176323256981,3.1903741017524996
-0.5029045335851066,4.7824155615652035
0.4095119664410332,2.1423235293920406
-1.7265269221047017,11.275468415984028
-2.4700906167608703,11.055328839732747
1.2338692366270754,0.00043067186370090126
-0.9347925936069775,7.706453944278892
-0.9871694455278164,7.214205527050359
0.19632760446670108,4.900496189172147
1.4666090178843187,-0.29588167111019326
0.25028532068958803,3.650846134353167
0.3288079648425204,3.856990439482625
0.46292316437311654,3.3559738228107654
-0.09720899775115022,2.8295696223369706
-1.540481208276746,9.218525712754738
-0.46732042467013596,5.236260466460858
-0.813540008888585,6.250702055176783
-0.46076796685753224,5.262505635577226
1.095040603231392,0.12897897877926495
-0.6528500472515248,6.474838111317562
-0.2560056290100792,3.99870910626791
-0.4298524920766157,5.747698506619267
2.1464887451264287,-2.927997903592373
-0.9528709124029374,7.937806495740227
-0.11358257730875451,5.635730487044723
-0.7160362588022223,7.440305589041394
-0.32212994532420897,5.831169140553927
1.044605753130825,0.1905412721682545
-1.3620962703726271,9.887390006671108
0.07538893077248714,4.161279980674359
-0.4870410197130864,6.8531717714997145
0.621916021498033,2.1308825382519503
1.6473185586034382,-1.750399685113982
0.2102212618464747,3.575994801140321
-0.0911512759224591,4.43312888131985
-0.11107934467058625,3.831953355868034
-0.13347242906467904,1.8249247201571377
-0.6767016443512589,6.885137900154306
-0.1637145281876517,4.609852043770518
0.4528843062278785,1.8596190993529262
0.0802827676508395,3.5348469697423037
0.20905776944415566,1.975835604135456
0.8716885595736744,2.0991329779080026
-0.18438488513469267,5.493365447967456
0.3140008113495831,4.378499936850797
-1.0697136266639677,7.586300240659283
0.4981334185097184,2.857374777232803
0.27122369755673564,3.5915683906945826
0.3936835944216883,2.410257999200357
-0.24769291170469684,5.568567047609528
1.1440026382863608,-1.1981314971213048
0.42452785195828885,2.3462789287881884
1.3172155921058522,0.21044303935901626
0.2958848618600832,3.2028094397929507
-0.5333355028243414,5.990643065157429
-1.702955015587418,8.532172038698734
-0.17495426668315323,4.796021961083771
-0.1285137123061713,4.627220920199618
-0.7148916886674365,6.2586852326271645
0.8541598171396754,0.1422754487046547
0.7651783799537347,-0.45105163248742786
-0.4656753732277253,5.612770824007116
0.9159378152814504,2.6739693180590605
-1.1714156397658047,9.888761414709027
-0.37251396210380644,5.700474345763019
-0.7197377771172724,7.465477782666902
-1.2072212703167848,8.256860520421123
0.6016081295061034,0.27123865570237315
-0.4105529393593577,5.786182538202191
0.7465366389715119,0.5278281428422444
-0.5123154093833824,4.970822118666266
-0.6802479578160118,7.213005289680918
0.5970399331591231,3.444081655857033
-1.0233469933375612,6.867278785066659
-1.2388453253436478,8.162726887736468
-0.18939565922449567,3.452005221203284
-0.6819788973153905,6.600361572112061
-1.265919348344082,9.161969467909369
1.3336587624222864,0.33834220367287504
-0.5445147664863248,5.297010273356874
0.7411185787781616,0.9520340967282414
1.009629347212686,-1.0458123234137022
-0.5574766415666248,6.084885281480111
-0.16530576756029347,5.745227327439329
0.2573773678714398,2.8677837931328716
1.5024594553040385,-1.3090928533739932
-1.0229235174190332,8.15448915871798
-0.8129239078845364,4.664648358561346
-0.7129359386036351,6.707431015744714
0.179787023452791,2.1385208983454573
-0.4074876283635043,4.626946724122151
1.2717490359872268,1.1203663716724597
-2.6968545744525123,13.032997021919565
-0.5998120311374047,7.125544120487689
-0.4109183356461216,5.143249008234852
0.9584050961899859,1.7657659905133585
1.4069297164418915,-1.1472981246884844
-0.2537147606853957,5.030439267746351
-2.7444511570430623,12.473630610234563
0.26850069275467914,2.6001070220985794
-1.2738395789506338,8.259202957395972
0.4830926026992115,1.5609219974415693
0.5393309509794222,2.225468316455466
0.6162248202481135,1.875473155343594
-0.04365797929378256,4.159531346516465
-0.4134423175876566,5.350217966970415
-0.19533415359925155,5.478906500943637
0.004491056421720484,5.317608066979493
-0.12701073448272876,5.317497205537473
-0.00787298696748136,3.763041925056426
0.015545674537208806,3.9445025570178447
-0.84144365536788,8.026886585548464
0.5503738198634262,0.7895976281022345
-0.41490921815570847,5.05450454064386
0.49603180769626953,3.0056855635957955
-1.9498402557023373,9.84669224342236
0.12692674431625744,3.0212695934164806
0.02992538091408714,3.8855329698054835
1.2725960213160068,-1.5179283080401031
-2.0969358530032998,11.045709458262456
-0.812268007516746,6.687437513304777
-0.23367742977505543,3.4244251729660737
1.966865266104791,-1.8260756975179957
0.2991080251018367,3.5968892867387665
0.7834791419365944,1.3420215113132932
0.5049142655123178,2.862367908075604
-1.206844532253718,9.19531922151713
-1.1436593964115849,8.887473161952581
-0.9288455376423809,6.1381160906352425
2.0568355544950974,-2.709674288153596
0.8815606069021008,1.0494019399868721
-0.004355322005059777,3.5940793970900247
-0.21126855080076395,4.472901173265295
-0.7024496323749636,5.745272029631205
-1.3708498364576263,8.424645858885315
1.002747456567751,0.5459893764826261
-0.9325665971736589,7.382127185213434
-0.8647614985877224,7.606459637465861
0.5002401962024584,1.4942334185891382
0.669115244628532,1.0660475144909238
1.46707818531628,0.22614013549679068
2.7538872728773396,-4.6307361319133555
-1.1065180648516635,10.8527019387414
-0.7478639812281611,7.102570797074802
-1.4347412797587356,9.545006617659507
-0.21416335138003095,4.788864316824653
-1.2513447584537352,8.754600971098824
-0.35564901767658585,6.115969087218107
0.6420364958186991,1.6540306208525295
1.5354129706262927,-3.0647141811377576
-0.17873684359067132,5.285051690945242
-0.367996845578627,4.124968958928607
-0.12911347648074856,4.159321609780029
0.5450354441639829,4.231213776811973
0.19371205152611062,2.930377653404398
-2.5503270667026854,14.627308154172066
-0.35075831505177113,6.864899436508344
0.894021275502203,1.024895875273902
-0.4518604794373226,7.48143950941521
0.0892988729596544,2.8497074162929277
-0.8761927546444748,7.499481275706981
-1.423506914710639,9.855435342896314
0.18149010999589452,2.886137527092521
-1.5568392742168817,9.209376052620563
-1.249310774130967,7.6361192162030305
-0.6710382536827579,8.075019319668465
1.2501005317558869,-0.40354378670400176
-0.9678184887023178,6.826003766150673
0.24423367349299197,3.721187720664776
-1.4568428587749718,9.797026210337638
0.06872815010509888,2.5443564263586342
-0.30303251352282995,5.186650374675756
-0.2327763166878843,4.768363928157892
-0.6271715096988109,6.541215931068805
-1.2818936472128466,6.74135509340903
-0.5328605191383143,6.255018906935648
-0.015902223454916386,2.753640130237584
-0.7867024013700535,7.055797272402521
-0.2917327091821663,3.7496100540988153
0.02754557594287573,3.1193514855863507
-0.04614862474444163,4.908638275426148
0.9391265299611897,1.5672149460619058
-0.5906034491461881,5.877289345300298
-0.14831861645379643,6.136104484194278
-0.36033848243012406,4.479508664984391
0.5207709408215652,0.8954440596797277
0.6420540080605777,2.318230869031182
-1.5757539086489134,8.077037336152896
-0.6478112972341762,5.381180807461072
0.6880264606117268,1.6275898100804176
0.4901724812903368,4.394211836944365
-0.39302818418907903,4.6685724422650265
0.5393150156615237,0.13595300742234562
-0.4805780599733369,5.655170405811381
0.7972352371763483,1.2380339884246745
0.4590063829182674,4.600154897085822
-1.3901007671603653,8.930027481676223
0.8768871947678357,1.7187480469251755
-1.8576601344294297,10.723545211660502
0.11318102844925859,2.5398174979293566
-0.24374315667411775,5.072746642900096
-0.3079737812589698,5.605858960439428
-0.3100171781403293,4.696611244550675
-0.21519851900599068,3.4927459436845965
-1.025123996975861,7.2876432925356855
1.0119104686803597,-0.8816667175655308
-1.4475119971790673,9.106310552337655
0.8503648852942831,1.187741859967928
0.6951163262735307,2.245770435978223
-0.7158218768355875,5.584869127087364
0.6441317128415761,2.673300607436509
0.8676939346816271,2.484780317880615
1.287120259748235,-1.6401018457494725
-0.012305761466122483,4.298322221895818
1.969345928742856,-3.1275103956634833
0.4316807531627136,2.4277333283436966
-1.0030566919540742,8.161471865164325
-0.7353722317934825,6.236906747974444
-0.004364637011485438,4.711687547725668
-0.14500656150550398,3.0958549017079857
-0.7428135116444659,6.915324725767274
0.32676940622830525,2.778091995359334
-0.1172866274349483,2.38120265074902
0.039253082708800326,3.2873213156132612
0.19839793704868125,2.08737851632334
-1.4792401375266908,8.18633685557733
-0.23949417705728646,4.053828487520874
1.7099611125276832,-2.562732758173763
-1.135251960801234,8.365847300500956
0.7049722131769447,0.09256708919505541
1.5900202583010543,-0.6594393724679641
-0.5045933678576722,5.213382347920327
-2.167539617028512,12.133640969480156
-0.7780989323452425,5.963822969774453
0.272986384005631,3.687098730197103
1.3816248180718347,0.7030569131425122
-1.2083431000747036,9.895182325245566
0.07534369715767658,3.512834169698968
0.08135250593134663,3.035591870666149
0.4754897456992358,3.480768407838053
1.2496253218799178,0.49176493136733834
0.8436187945901403,2.147275367319018
-0.050809168553484683,4.905470953521171
0.5420193451903017,1.78320262004697
-1.3166710150291974,7.609690853102284
0.9386787545947977,-0.4209172816084148
-0.6259534756521475,6.711910411434501
1.227218728034862,0.8639277451604099
0.2972038163954263,3.313307100087414
0.8376269589816112,1.4580785839882322
-0.4523241465966667,7.023692209857009
0.970785704272063,1.5543959776460352
0.2170621307988162,3.7080323906302066
-0.7331765111747935,6.895074172731846
0.40420845601388417,3.1723751616617375
1.0146917603705925,2.156294216055935
0.8485058205535874,1.4486651700438733
0.26176511035850836,2.1534267743485374
-0.5773944661981212,6.90761955176532
-2.4853451220744933,13.247429992762898
2.961050599932837,-5.856528029373218
-0.6610579533500108,5.987406848629228
-0.10129019719928092,4.4514256868974105
1.0433655494437752,0.14678633012518882
0.40850886799931074,2.820809422356504
-0.5558038876762461,4.807648453039458
-0.988641259243326,8.891900738796064
0.8909766520389286,0.8984070175615249
-0.8636726243394732,6.985344333135181
-0.4683824623289157,6.483636635935101
-0.5149035378926894,4.086367997150781
0.5913518569586236,2.5508771923494216
0.42768851659091284,1.8711961801933765
-0.8742765085520263,6.730019150822651
1.093021253183546,-0.985440345895706
-1.808328534726683,11.354327931397663
-0.4713464539766573,6.585244729979957
-1.0864599066702303,6.956110898414004
-1.145033641832693,8.89251817426542
0.7058280451016957,1.9382076562215937
-1.380590220857758,9.15415890536818
0.2860110405160835,2.240561708388684
-0.43527184337682323,6.460292971081492
-0.9400327174860194,7.543360092558262
0.4927884191469252,2.7274781794367065
-1.047275188609193,8.808474031703483
0.7994131955044794,1.9309833112341068
0.21793846058363137,3.918098053774208
1.0199873050797776,-0.14662258198564393
-0.9314152372903346,7.351398039797719
-0.9028188763250476,7.071274134120729
-0.8697072424017551,7.190535065144534
1.4236257674063724,0.07713228806664596
2.5189113578324105,-5.094680733900713
1.049628802691045,0.46084647079175867
-0.19463202432653162,5.447160500212817
-1.3120969198461,9.317615811014571
0.7835948688689542,2.9039293244621796
-1.820969478857459,9.380163637970012
0.981945601614639,-1.0367029438972926
0.22930670512999804,2.22218446316951
-0.20308956642315895,5.253982724956083
-0.1163457467358775,3.991578208885711
-0.932191756208228,7.465395289032212
-1.1128010814226557,7.8944289970803165
-1.6643052378284984,9.961098788017914
-0.7041452789190445,6.701038552293206
0.2909261190449864,4.344320788777543
0.9144022611680875,0.3528621924506745
-4.078609833496284,17.199835081932022
-0.04560356225030704,5.503305483299299
-0.3572003952272623,5.779918517340391
-1.3782331231453642,10.731244493623377
-0.15448250799490587,4.602639404762372
-0.0977406185214176,3.282275682822991
-1.3094019627263502,9.394068607264654
-0.22503532948742705,3.2606923121132816
